"0090019408","Invoice","23625.00","USD","","Unknown / Miscellaneous","2017-03-06","2017-04-05",64,"001","1710","X","BSEG","171000900194082017001","USCU_S01",2017,90019408
"0090019379","Invoice","2170.00","USD","Open","","2017-03-06","2017-04-05",64,"001","1710","X","BSEG","171000900193792017001","USCU_S01",2017,90019379
"0090019696","Invoice","4520.00","USD","Open","","2017-03-06","2017-04-05",64,"001","1710","X","BSEG","171000900196962017001","USCU_S01",2017,90019696
"0090019460","Invoice","201402.00","USD","Open","","2017-03-07","2017-04-06",63,"001","1710","X","BSEG","171000900194602017001","USCU_S01",2017,90019460
"0090019473","Invoice","2667.00","USD","Open","","2017-03-07","2017-04-06",63,"001","1710","X","BSEG","171000900194732017001","USCU_S01",2017,90019473
"0090019522","Invoice","13200.00","USD","","","2017-03-08","2017-04-07",62,"001","1710","X","BSEG","171000900195222017001","USCU_S01",2017,90019522
"0090019519","Invoice","8775.00","USD","","Unknown / Miscellaneous","2017-03-08","2017-04-07",62,"001","1710","X","BSEG","171000900195192017001","USCU_S01",2017,90019519
"0090019510","Invoice","4640.00","USD","Open","Pricing Issue","2017-03-08","2017-04-07",62,"001","1710","X","BSEG","171000900195102017001","USCU_S01",2017,90019510
"0090019528","Invoice","14224.00","USD","","","2017-03-08","2017-04-07",62,"001","1710","X","BSEG","171000900195282017001","USCU_S01",2017,90019528
"0090019488","Invoice","110220.00","USD","","","2017-03-08","2017-04-07",62,"001","1710","X","BSEG","171000900194882017001","USCU_S01",2017,90019488
"0090019566","Invoice","3390.00","USD","","","2017-03-08","2017-04-07",62,"001","1710","X","BSEG","171000900195662017001","USCU_S01",2017,90019566
"0090019543","Invoice","75563.00","USD","","","2017-03-09","2017-04-08",61,"001","1710","X","BSEG","171000900195432017001","USCU_S01",2017,90019543
"0090019553","Invoice","123856.00","USD","","","2017-03-09","2017-04-08",61,"001","1710","X","BSEG","171000900195532017001","USCU_S01",2017,90019553
"0090019794","Invoice","49098.00","USD","","","2017-03-09","2017-04-08",61,"001","1710","X","BSEG","171000900197942017001","USCU_S01",2017,90019794
"0090019887","Invoice","144004.00","USD","","","2017-03-10","2017-04-09",60,"001","1710","X","BSEG","171000900198872017001","USCU_S01",2017,90019887
"0090019859","Invoice","4400.00","USD","","","2017-03-10","2017-04-09",60,"001","1710","X","BSEG","171000900198592017001","USCU_S01",2017,90019859
"0090019949","Invoice","1130.00","USD","","","2017-03-11","2017-04-10",59,"001","1710","X","BSEG","171000900199492017001","USCU_S01",2017,90019949
"0090019896","Invoice","8800.00","USD","","","2017-03-11","2017-04-10",59,"001","1710","X","BSEG","171000900198962017001","USCU_S01",2017,90019896
"0090019976","Invoice","1470.00","USD","","","2017-03-12","2017-04-11",58,"001","1710","X","BSEG","171000900199762017001","USCU_S01",2017,90019976
"0090019999","Invoice","239478.00","USD","","","2017-03-12","2017-04-11",58,"001","1710","X","BSEG","171000900199992017001","USCU_S01",2017,90019999
"0090020028","Invoice","38920.00","USD","","","2017-03-12","2017-04-11",58,"001","1710","X","BSEG","171000900200282017001","USCU_S01",2017,90020028
"0090020080","Invoice","43747.00","USD","","","2017-03-13","2017-04-12",57,"001","1710","X","BSEG","171000900200802017001","USCU_S01",2017,90020080
"0090020078","Invoice","40500.00","USD","","","2017-03-13","2017-04-12",57,"001","1710","X","BSEG","171000900200782017001","USCU_S01",2017,90020078
"0090020073","Invoice","15400.00","USD","","","2017-03-13","2017-04-12",57,"001","1710","X","BSEG","171000900200732017001","USCU_S01",2017,90020073
"0090020045","Invoice","770.00","USD","","","2017-03-13","2017-04-12",57,"001","1710","X","BSEG","171000900200452017001","USCU_S01",2017,90020045
"0090020164","Invoice","255453.00","USD","","","2017-03-14","2017-04-13",56,"001","1710","X","BSEG","171000900201642017001","USCU_S01",2017,90020164
"0090020133","Invoice","134895.00","USD","","","2017-03-14","2017-04-13",56,"001","1710","X","BSEG","171000900201332017001","USCU_S01",2017,90020133
"0090020129","Invoice","10560.00","USD","","","2017-03-14","2017-04-13",56,"001","1710","X","BSEG","171000900201292017001","USCU_S01",2017,90020129
"0090020239","Invoice","348345.00","USD","","","2017-03-15","2017-04-14",55,"001","1710","X","BSEG","171000900202392017001","USCU_S01",2017,90020239
"0090020242","Invoice","112868.00","USD","","","2017-03-15","2017-04-14",55,"001","1710","X","BSEG","171000900202422017001","USCU_S01",2017,90020242
"0090020197","Invoice","5040.00","USD","","","2017-03-15","2017-04-14",55,"001","1710","X","BSEG","171000900201972017001","USCU_S01",2017,90020197
"0090020212","Invoice","26052.00","USD","","","2017-03-15","2017-04-14",55,"001","1710","X","BSEG","171000900202122017001","USCU_S01",2017,90020212
"0090020295","Invoice","10450.00","USD","","","2017-03-16","2017-04-15",54,"001","1710","X","BSEG","171000900202952017001","USCU_S01",2017,90020295
"0090020279","Invoice","10553.55","USD","","","2017-03-16","2017-04-15",54,"001","1710","X","BSEG","171000900202792017001","USCU_S01",2017,90020279
"0090020277","Invoice","9234.00","USD","","","2017-03-16","2017-04-15",54,"001","1710","X","BSEG","171000900202772017001","USCU_S01",2017,90020277
"0090020366","Invoice","2090.00","USD","","","2017-03-17","2017-04-16",53,"001","1710","X","BSEG","171000900203662017001","USCU_S01",2017,90020366
"0090020352","Invoice","182425.65","USD","","","2017-03-17","2017-04-16",53,"001","1710","X","BSEG","171000900203522017001","USCU_S01",2017,90020352
"0090020345","Invoice","6270.00","USD","","","2017-03-17","2017-04-16",53,"001","1710","X","BSEG","171000900203452017001","USCU_S01",2017,90020345
"0090020438","Invoice","1689.10","USD","","","2017-03-18","2017-04-17",52,"001","1710","X","BSEG","171000900204382017001","USCU_S01",2017,90020438
"0090020528","Invoice","11092.20","USD","","","2017-03-19","2017-04-18",51,"001","1710","X","BSEG","171000900205282017001","USCU_S01",2017,90020528
"0090020478","Invoice","2061.50","USD","","","2017-03-19","2017-04-18",51,"001","1710","X","BSEG","171000900204782017001","USCU_S01",2017,90020478
"0090020502","Invoice","7942.00","USD","","","2017-03-19","2017-04-18",51,"001","1710","X","BSEG","171000900205022017001","USCU_S01",2017,90020502
"0090020586","Invoice","12868.27","USD","","","2017-03-20","2017-04-19",50,"001","1710","X","BSEG","171000900205862017001","USCU_S01",2017,90020586
"0090020569","Invoice","123767.04","USD","","","2017-03-20","2017-04-19",50,"001","1710","X","BSEG","171000900205692017001","USCU_S01",2017,90020569
"0090020659","Invoice","16299.81","USD","","","2017-03-21","2017-04-20",49,"001","1710","X","BSEG","171000900206592017001","USCU_S01",2017,90020659
"0090020726","Invoice","7816.50","USD","","","2017-03-22","2017-04-21",48,"001","1710","X","BSEG","171000900207262017001","USCU_S01",2017,90020726
"0090020695","Invoice","202.65","USD","","","2017-03-22","2017-04-21",48,"001","1710","X","BSEG","171000900206952017001","USCU_S01",2017,90020695
"0090020801","Invoice","17587.12","USD","","","2017-03-23","2017-04-22",47,"001","1710","X","BSEG","171000900208012017001","USCU_S01",2017,90020801
"0090020815","Invoice","283862.47","USD","","","2017-03-23","2017-04-22",47,"001","1710","X","BSEG","171000900208152017001","USCU_S01",2017,90020815
"0090020769","Invoice","2769.55","USD","","","2017-03-23","2017-04-22",47,"001","1710","X","BSEG","171000900207692017001","USCU_S01",2017,90020769
"0090020848","Invoice","13548.60","USD","","","2017-03-24","2017-04-23",46,"001","1710","X","BSEG","171000900208482017001","USCU_S01",2017,90020848
"0090020862","Invoice","239798.64","USD","Broken","","2017-03-24","2017-04-23",46,"001","1710","X","BSEG","171000900208622017001","USCU_S01",2017,90020862
"0090020885","Invoice","41313.58","USD","","","2017-03-24","2017-04-23",46,"001","1710","X","BSEG","171000900208852017001","USCU_S01",2017,90020885
"0090020945","Invoice","119521.04","USD","","","2017-03-25","2017-04-24",45,"001","1710","X","BSEG","171000900209452017001","USCU_S01",2017,90020945
"0090020992","Invoice","772.00","USD","","","2017-03-26","2017-04-25",44,"001","1710","X","BSEG","171000900209922017001","USCU_S01",2017,90020992
"0090020975","Invoice","675.50","USD","","","2017-03-26","2017-04-25",44,"001","1710","X","BSEG","171000900209752017001","USCU_S01",2017,90020975
"0090021072","Invoice","13678.87","USD","","","2017-03-27","2017-04-26",43,"001","1710","X","BSEG","171000900210722017001","USCU_S01",2017,90021072
"0090021046","Invoice","1823.85","USD","","","2017-03-27","2017-04-26",43,"001","1710","X","BSEG","171000900210462017001","USCU_S01",2017,90021046
"0090021066","Invoice","4246.00","USD","","","2017-03-27","2017-04-26",43,"001","1710","X","BSEG","171000900210662017001","USCU_S01",2017,90021066
"0090021044","Invoice","115.80","USD","","","2017-03-27","2017-04-26",43,"001","1710","X","BSEG","171000900210442017001","USCU_S01",2017,90021044
"0090021193","Invoice","6137.40","USD","","","2017-03-29","2017-04-28",41,"001","1710","X","BSEG","171000900211932017001","USCU_S01",2017,90021193
"0090021200","Invoice","4014.40","USD","","","2017-03-29","2017-04-28",41,"001","1710","X","BSEG","171000900212002017001","USCU_S01",2017,90021200
"0090021208","Invoice","4246.00","USD","","","2017-03-29","2017-04-28",41,"001","1710","X","BSEG","171000900212082017001","USCU_S01",2017,90021208
"0090021214","Invoice","153512.20","USD","","","2017-03-29","2017-04-28",41,"001","1710","X","BSEG","171000900212142017001","USCU_S01",2017,90021214
"0090021227","Invoice","90138.72","USD","","","2017-03-29","2017-04-28",41,"001","1710","X","BSEG","171000900212272017001","USCU_S01",2017,90021227
"0090021285","Invoice","8916.60","USD","","","2017-03-30","2017-04-29",40,"001","1710","X","BSEG","171000900212852017001","USCU_S01",2017,90021285
"0090021268","Invoice","157739.86","USD","","","2017-03-30","2017-04-29",40,"001","1710","X","BSEG","171000900212682017001","USCU_S01",2017,90021268
"0090021261","Invoice","3589.80","USD","","","2017-03-30","2017-04-29",40,"001","1710","X","BSEG","171000900212612017001","USCU_S01",2017,90021261
"0090021416","Invoice","4361.80","USD","","","2017-04-01","2017-05-01",38,"001","1710","X","BSEG","171000900214162017001","USCU_S01",2017,90021416
"0090021407","Invoice","9119.25","USD","","","2017-04-01","2017-05-01",38,"001","1710","X","BSEG","171000900214072017001","USCU_S01",2017,90021407
"0090021394","Invoice","3551.20","USD","","","2017-04-01","2017-05-01",38,"001","1710","X","BSEG","171000900213942017001","USCU_S01",2017,90021394
"0090021388","Invoice","38286.37","USD","","","2017-04-01","2017-05-01",38,"001","1710","X","BSEG","171000900213882017001","USCU_S01",2017,90021388
"0090021480","Invoice","72918.29","USD","","","2017-04-02","2017-05-02",37,"001","1710","X","BSEG","171000900214802017001","USCU_S01",2017,90021480
"0090021468","Invoice","57048.87","USD","","","2017-04-02","2017-05-02",37,"001","1710","X","BSEG","171000900214682017001","USCU_S01",2017,90021468
"0090021462","Invoice","463.20","USD","","","2017-04-02","2017-05-02",37,"001","1710","X","BSEG","171000900214622017001","USCU_S01",2017,90021462
"0090021579","Invoice","3917.90","USD","","","2017-04-04","2017-05-04",35,"001","1710","X","BSEG","171000900215792017001","USCU_S01",2017,90021579
"0090021590","Invoice","108733.30","USD","","","2017-04-04","2017-05-04",35,"001","1710","X","BSEG","171000900215902017001","USCU_S01",2017,90021590
"0090021614","Invoice","6863.08","USD","","","2017-04-04","2017-05-04",35,"001","1710","X","BSEG","171000900216142017001","USCU_S01",2017,90021614
"0090021691","Invoice","126991.10","USD","","","2017-04-05","2017-05-05",34,"001","1710","X","BSEG","171000900216912017001","USCU_S01",2017,90021691
"0090021674","Invoice","15710.20","USD","","","2017-04-05","2017-05-05",34,"001","1710","X","BSEG","171000900216742017001","USCU_S01",2017,90021674
"0090021676","Invoice","11073.37","USD","","","2017-04-05","2017-05-05",34,"001","1710","X","BSEG","171000900216762017001","USCU_S01",2017,90021676
"0090021760","Invoice","84431.71","USD","","","2017-04-06","2017-05-06",33,"001","1710","X","BSEG","171000900217602017001","USCU_S01",2017,90021760
"0090021756","Invoice","67230.58","USD","","","2017-04-06","2017-05-06",33,"001","1710","X","BSEG","171000900217562017001","USCU_S01",2017,90021756
"0090021739","Invoice","22798.12","USD","","","2017-04-06","2017-05-06",33,"001","1710","X","BSEG","171000900217392017001","USCU_S01",2017,90021739
"0090021826","Invoice","33802.02","USD","","","2017-04-07","2017-05-07",32,"001","1710","X","BSEG","171000900218262017001","USCU_S01",2017,90021826
"0090021880","Invoice","15633.00","USD","","","2017-04-08","2017-05-08",31,"001","1710","X","BSEG","171000900218802017001","USCU_S01",2017,90021880
"0090021875","Invoice","1698.40","USD","","","2017-04-08","2017-05-08",31,"001","1710","X","BSEG","171000900218752017001","USCU_S01",2017,90021875
"0090021849","Invoice","1531.45","USD","","","2017-04-08","2017-05-08",31,"001","1710","X","BSEG","171000900218492017001","USCU_S01",2017,90021849
"0090021961","Invoice","184033.22","USD","","","2017-04-09","2017-05-09",30,"001","1710","X","BSEG","171000900219612017001","USCU_S01",2017,90021961
"0090022003","Invoice","107201.85","USD","","","2017-04-10","2017-05-10",29,"001","1710","X","BSEG","171000900220032017001","USCU_S01",2017,90022003
"0090021986","Invoice","7470.06","USD","","","2017-04-10","2017-05-10",29,"001","1710","X","BSEG","171000900219862017001","USCU_S01",2017,90021986
"0090022068","Invoice","46899.00","USD","","","2017-04-11","2017-05-11",28,"001","1710","X","BSEG","171000900220682017001","USCU_S01",2017,90022068
"0090022091","Invoice","3088.00","USD","","","2017-04-11","2017-05-11",28,"001","1710","X","BSEG","171000900220912017001","USCU_S01",2017,90022091
"0090022168","Invoice","79635.66","USD","","","2017-04-12","2017-05-12",27,"001","1710","X","BSEG","171000900221682017001","USCU_S01",2017,90022168
"0090022276","Invoice","1090.45","USD","","Price Difference","2017-04-13","2017-05-13",26,"001","1710","X","BSEG","171000900222762017001","USCU_S01",2017,90022276
"0090022269","Invoice","97110.84","USD","","","2017-04-13","2017-05-13",26,"001","1710","X","BSEG","171000900222692017001","USCU_S01",2017,90022269
"0090022249","Invoice","234963.99","USD","","","2017-04-13","2017-05-13",26,"001","1710","X","BSEG","171000900222492017001","USCU_S01",2017,90022249
"0090022295","Invoice","651.37","USD","","","2017-04-14","2017-05-14",25,"001","1710","X","BSEG","171000900222952017001","USCU_S01",2017,90022295
"0090022338","Invoice","165254.32","USD","","","2017-04-14","2017-05-14",25,"001","1710","X","BSEG","171000900223382017001","USCU_S01",2017,90022338
"0090022329","Invoice","10294.62","USD","","","2017-04-14","2017-05-14",25,"001","1710","X","BSEG","171000900223292017001","USCU_S01",2017,90022329
"0090022489","Invoice","30614.62","USD","","","2017-04-17","2017-05-17",22,"001","1710","X","BSEG","171000900224892017001","USCU_S01",2017,90022489
"0090022497","Invoice","2634.45","USD","","","2017-04-17","2017-05-17",22,"001","1710","X","BSEG","171000900224972017001","USCU_S01",2017,90022497
"0090022517","Invoice","3821.40","USD","","","2017-04-17","2017-05-17",22,"001","1710","X","BSEG","171000900225172017001","USCU_S01",2017,90022517
"0090022559","Invoice","12738.00","USD","","","2017-04-18","2017-05-18",21,"001","1710","X","BSEG","171000900225592017001","USCU_S01",2017,90022559
"0090022694","Invoice","52580.92","USD","","","2017-04-19","2017-05-19",20,"001","1710","X","BSEG","171000900226942017001","USCU_S01",2017,90022694
"0090022674","Invoice","5095.20","USD","","","2017-04-19","2017-05-19",20,"001","1710","X","BSEG","171000900226742017001","USCU_S01",2017,90022674
"0090022671","Invoice","180815.91","USD","","","2017-04-19","2017-05-19",20,"001","1710","X","BSEG","171000900226712017001","USCU_S01",2017,90022671
"0090022742","Invoice","12313.40","USD","","","2017-04-20","2017-05-20",19,"001","1710","X","BSEG","171000900227422017001","USCU_S01",2017,90022742
"0090022744","Invoice","7816.50","USD","","","2017-04-20","2017-05-20",19,"001","1710","X","BSEG","171000900227442017001","USCU_S01",2017,90022744
"0090022791","Invoice","9958.80","USD","","","2017-04-21","2017-05-21",18,"001","1710","X","BSEG","171000900227912017001","USCU_S01",2017,90022791
"0090022797","Invoice","3551.20","USD","","","2017-04-21","2017-05-21",18,"001","1710","X","BSEG","171000900227972017001","USCU_S01",2017,90022797
"0090022855","Invoice","9727.20","USD","","","2017-04-22","2017-05-22",17,"001","1710","X","BSEG","171000900228552017001","USCU_S01",2017,90022855
"0090022930","Invoice","2316.00","USD","","","2017-04-23","2017-05-23",16,"001","1710","X","BSEG","171000900229302017001","USCU_S01",2017,90022930
"0090022942","Invoice","12313.40","USD","","","2017-04-23","2017-05-23",16,"001","1710","X","BSEG","171000900229422017001","USCU_S01",2017,90022942
"0090022964","Invoice","78871.38","USD","","","2017-04-23","2017-05-23",16,"001","1710","X","BSEG","171000900229642017001","USCU_S01",2017,90022964
"0090022997","Invoice","153145.50","USD","","","2017-04-24","2017-05-24",15,"001","1710","X","BSEG","171000900229972017001","USCU_S01",2017,90022997
"0090023079","Invoice","16935.75","USD","","","2017-04-25","2017-05-25",14,"001","1710","X","BSEG","171000900230792017001","USCU_S01",2017,90023079
"0090023119","Invoice","2094.05","USD","","","2017-04-26","2017-05-26",13,"001","1710","X","BSEG","171000900231192017001","USCU_S01",2017,90023119
"0090023139","Invoice","184683.63","USD","","","2017-04-26","2017-05-26",13,"001","1710","X","BSEG","171000900231392017001","USCU_S01",2017,90023139
"0090023227","Invoice","30046.24","USD","","","2017-04-27","2017-05-27",12,"001","1710","X","BSEG","171000900232272017001","USCU_S01",2017,90023227
"0090023214","Invoice","11464.20","USD","","","2017-04-27","2017-05-27",12,"001","1710","X","BSEG","171000900232142017001","USCU_S01",2017,90023214
"0090023180","Invoice","7470.06","USD","","","2017-04-27","2017-05-27",12,"001","1710","X","BSEG","171000900231802017001","USCU_S01",2017,90023180
"0090023386","Invoice","1080.80","USD","","","2017-04-30","2017-05-30",9,"001","1710","X","BSEG","171000900233862017001","USCU_S01",2017,90023386
"0090023413","Invoice","8467.87","USD","","","2017-04-30","2017-05-30",9,"001","1710","X","BSEG","171000900234132017001","USCU_S01",2017,90023413
"0090023629","Invoice","14940.13","USD","","","2017-05-03","2017-06-02",6,"001","1710","X","BSEG","171000900236292017001","USCU_S01",2017,90023629
"0090023582","Invoice","545.22","USD","","","2017-05-03","2017-06-02",6,"001","1710","X","BSEG","171000900235822017001","USCU_S01",2017,90023582
"0090023605","Invoice","2470.40","USD","","","2017-05-03","2017-06-02",6,"001","1710","X","BSEG","171000900236052017001","USCU_S01",2017,90023605
"0090023659","Invoice","743.05","USD","","","2017-05-04","2017-06-03",5,"001","1710","X","BSEG","171000900236592017001","USCU_S01",2017,90023659
"0090023664","Invoice","694.80","USD","","","2017-05-04","2017-06-03",5,"001","1710","X","BSEG","171000900236642017001","USCU_S01",2017,90023664
"0090023689","Invoice","44944.87","USD","","","2017-05-04","2017-06-03",5,"001","1710","X","BSEG","171000900236892017001","USCU_S01",2017,90023689
"0090023764","Invoice","2180.90","USD","","","2017-05-05","2017-06-04",4,"001","1710","X","BSEG","171000900237642017001","USCU_S01",2017,90023764
"0090023766","Invoice","104580.91","USD","","","2017-05-05","2017-06-04",4,"001","1710","X","BSEG","171000900237662017001","USCU_S01",2017,90023766
"0090023744","Invoice","4670.60","USD","","","2017-05-05","2017-06-04",4,"001","1710","X","BSEG","171000900237442017001","USCU_S01",2017,90023744
"0090023711","Invoice","46247.62","USD","","","2017-05-05","2017-06-04",4,"001","1710","X","BSEG","171000900237112017001","USCU_S01",2017,90023711
"0090023800","Invoice","2316.00","USD","","","2017-05-06","2017-06-05",3,"001","1710","X","BSEG","171000900238002017001","USCU_S01",2017,90023800
"0090023856","Invoice","2364.25","USD","","","2017-05-07","2017-06-06",2,"001","1710","X","BSEG","171000900238562017001","USCU_S01",2017,90023856
"0090023875","Invoice","29974.83","USD","","","2017-05-07","2017-06-06",2,"001","1710","X","BSEG","171000900238752017001","USCU_S01",2017,90023875
"0090023879","Invoice","9341.20","USD","","","2017-05-07","2017-06-06",2,"001","1710","X","BSEG","171000900238792017001","USCU_S01",2017,90023879
"0090023968","Invoice","67230.58","USD","","","2017-05-08","2017-06-07",1,"001","1710","X","BSEG","171000900239682017001","USCU_S01",2017,90023968
"0090023930","Invoice","5095.20","USD","","","2017-05-08","2017-06-07",1,"001","1710","X","BSEG","171000900239302017001","USCU_S01",2017,90023930
"0090024032","Invoice","1635.67","USD","","","2017-05-09","2017-06-08",0,"001","1710","X","BSEG","171000900240322017001","USCU_S01",2017,90024032
"0090023995","Invoice","2431.80","USD","","","2017-05-09","2017-06-08",0,"001","1710","X","BSEG","171000900239952017001","USCU_S01",2017,90023995
"0090024102","Invoice","37350.32","USD","","","2017-05-10","2017-06-09",-1,"001","1710","X","BSEG","171000900241022017001","USCU_S01",2017,90024102
"0090024161","Invoice","4289.42","USD","","","2017-05-11","2017-06-10",-2,"001","1710","X","BSEG","171000900241612017001","USCU_S01",2017,90024161
"0090024140","Invoice","82698.57","USD","","","2017-05-11","2017-06-10",-2,"001","1710","X","BSEG","171000900241402017001","USCU_S01",2017,90024140
"0090024232","Invoice","14981.62","USD","","","2017-05-12","2017-06-11",-3,"001","1710","X","BSEG","171000900242322017001","USCU_S01",2017,90024232
"0090024226","Invoice","10615.00","USD","","","2017-05-12","2017-06-11",-3,"001","1710","X","BSEG","171000900242262017001","USCU_S01",2017,90024226
"0090024246","Invoice","56336.70","USD","","","2017-05-12","2017-06-11",-3,"001","1710","X","BSEG","171000900242462017001","USCU_S01",2017,90024246
"0090024240","Invoice","6005.19","USD","","","2017-05-12","2017-06-11",-3,"001","1710","X","BSEG","171000900242402017001","USCU_S01",2017,90024240
"0090024235","Invoice","49891.46","USD","","","2017-05-12","2017-06-11",-3,"001","1710","X","BSEG","171000900242352017001","USCU_S01",2017,90024235
"0090024300","Invoice","1635.67","USD","","","2017-05-13","2017-06-12",-4,"001","1710","X","BSEG","171000900243002017001","USCU_S01",2017,90024300
"0090024263","Invoice","1418.55","USD","","","2017-05-13","2017-06-12",-4,"001","1710","X","BSEG","171000900242632017001","USCU_S01",2017,90024263
"0090024403","Invoice","2663.40","USD","","","2017-05-15","2017-06-14",-6,"001","1710","X","BSEG","171000900244032017001","USCU_S01",2017,90024403
"0090024441","Invoice","67230.58","USD","","","2017-05-15","2017-06-14",-6,"001","1710","X","BSEG","171000900244412017001","USCU_S01",2017,90024441
"0090024428","Invoice","51458.62","USD","","","2017-05-15","2017-06-14",-6,"001","1710","X","BSEG","171000900244282017001","USCU_S01",2017,90024428
"0090024506","Invoice","65242.68","USD","","","2017-05-16","2017-06-15",-7,"001","1710","X","BSEG","171000900245062017001","USCU_S01",2017,90024506
"0090024493","Invoice","28040.97","USD","","","2017-05-16","2017-06-15",-7,"001","1710","X","BSEG","171000900244932017001","USCU_S01",2017,90024493
"0090024538","Invoice","675.50","USD","","","2017-05-17","2017-06-16",-8,"001","1710","X","BSEG","171000900245382017001","USCU_S01",2017,90024538
"0090024572","Invoice","1715.77","USD","","","2017-05-17","2017-06-16",-8,"001","1710","X","BSEG","171000900245722017001","USCU_S01",2017,90024572
"0090024585","Invoice","15351.22","USD","","","2017-05-17","2017-06-16",-8,"001","1710","X","BSEG","171000900245852017001","USCU_S01",2017,90024585
"0090024629","Invoice","3088.00","USD","","","2017-05-18","2017-06-17",-9,"001","1710","X","BSEG","171000900246292017001","USCU_S01",2017,90024629
"0090024645","Invoice","61880.62","USD","","","2017-05-18","2017-06-17",-9,"001","1710","X","BSEG","171000900246452017001","USCU_S01",2017,90024645
"0090024647","Invoice","30702.44","USD","","","2017-05-18","2017-06-17",-9,"001","1710","X","BSEG","171000900246472017001","USCU_S01",2017,90024647
"0090000023","Invoice","7295.40","USD","","","2017-05-19","2017-06-18",-10,"001","1710","X","BSEG","171000900000232017001","USCU_S01",2017,90024688
"0090000027","Invoice","82698.57","USD","","","2017-05-19","2017-06-18",-10,"001","1710","X","BSEG","171000900000272017001","USCU_S01",2017,90024692
"0090000061","Invoice","44820.39","USD","","","2017-05-19","2017-06-18",-10,"001","1710","X","BSEG","171000900000612017001","USCU_S01",2017,90024726
"0090000116","Invoice","2180.90","USD","","","2017-05-20","2017-06-19",-11,"001","1710","X","BSEG","171000900001162017001","USCU_S01",2017,90024781
"0090000084","Invoice","3242.40","USD","","","2017-05-20","2017-06-19",-11,"001","1710","X","BSEG","171000900000842017001","USCU_S01",2017,90024749
"0090000172","Invoice","4246.00","USD","","","2017-05-21","2017-06-20",-12,"001","1710","X","BSEG","171000900001722017001","USCU_S01",2017,90024837
"0090000181","Invoice","53729.27","USD","","","2017-05-21","2017-06-20",-12,"001","1710","X","BSEG","171000900001812017001","USCU_S01",2017,90024846
"0090000254","Invoice","89640.78","USD","","","2017-05-22","2017-06-21",-13,"001","1710","X","BSEG","171000900002542017001","USCU_S01",2017,90024919
"0090000240","Invoice","10615.00","USD","","","2017-05-22","2017-06-21",-13,"001","1710","X","BSEG","171000900002402017001","USCU_S01",2017,90024905
"0090000231","Invoice","3088.00","USD","","","2017-05-22","2017-06-21",-13,"001","1710","X","BSEG","171000900002312017001","USCU_S01",2017,90024896
"0090000221","Invoice","4400.40","USD","","","2017-05-22","2017-06-21",-13,"001","1710","X","BSEG","171000900002212017001","USCU_S01",2017,90024886
"0090000319","Invoice","2180.90","USD","","","2017-05-23","2017-06-22",-14,"001","1710","X","BSEG","171000900003192017001","USCU_S01",2017,90024984
"0090000348","Invoice","1823.85","USD","","","2017-05-24","2017-06-23",-15,"001","1710","X","BSEG","171000900003482017001","USCU_S01",2017,90025013
"0090000362","Invoice","1080.80","USD","","","2017-05-24","2017-06-23",-15,"001","1710","X","BSEG","171000900003622017001","USCU_S01",2017,90025027
"0090000369","Invoice","3821.40","USD","","","2017-05-24","2017-06-23",-15,"001","1710","X","BSEG","171000900003692017001","USCU_S01",2017,90025034
"0090000409","Invoice","1553.65","USD","","","2017-05-25","2017-06-24",-16,"001","1710","X","BSEG","171000900004092017001","USCU_S01",2017,90025073
"0090000437","Invoice","51458.62","USD","","","2017-05-25","2017-06-24",-16,"001","1710","X","BSEG","171000900004372017001","USCU_S01",2017,90025101
"0090000521","Invoice","41313.58","USD","","","2017-05-26","2017-06-25",-17,"001","1710","X","BSEG","171000900005212017001","USCU_S01",2017,90025185
"0090000487","Invoice","5211.00","USD","","","2017-05-26","2017-06-25",-17,"001","1710","X","BSEG","171000900004872017001","USCU_S01",2017,90025151
"0090000534","Invoice","326822.34","USD","","","2017-05-27","2017-06-26",-18,"001","1710","X","BSEG","171000900005342017001","USCU_S01",2017,90025198
"0090000542","Invoice","154.40","USD","","","2017-05-27","2017-06-26",-18,"001","1710","X","BSEG","171000900005422017001","USCU_S01",2017,90025206
"0090000568","Invoice","4246.00","USD","","","2017-05-27","2017-06-26",-18,"001","1710","X","BSEG","171000900005682017001","USCU_S01",2017,90025232
"0090000550","Invoice","6716.40","USD","","","2017-05-27","2017-06-26",-18,"001","1710","X","BSEG","171000900005502017001","USCU_S01",2017,90025214
"0090000641","Invoice","53729.27","USD","","","2017-05-28","2017-06-27",-19,"001","1710","X","BSEG","171000900006412017001","USCU_S01",2017,90025305
"0090000630","Invoice","80255.19","USD","","","2017-05-28","2017-06-27",-19,"001","1710","X","BSEG","171000900006302017001","USCU_S01",2017,90025294
"0090000660","Invoice","41688.00","USD","","","2017-05-29","2017-06-28",-20,"001","1710","X","BSEG","171000900006602017001","USCU_S01",2017,90025325
"0090000704","Invoice","1715.77","USD","","","2017-05-29","2017-06-28",-20,"001","1710","X","BSEG","171000900007042017001","USCU_S01",2017,90025369
"0090000709","Invoice","1090.45","USD","","","2017-05-29","2017-06-28",-20,"001","1710","X","BSEG","171000900007092017001","USCU_S01",2017,90025374
"0090000741","Invoice","651.37","USD","","","2017-05-30","2017-06-29",-21,"001","1710","X","BSEG","171000900007412017001","USCU_S01",2017,90025409
"0090000912","Invoice","42544.92","USD","","","2017-06-01","2017-07-01",-23,"001","1710","X","BSEG","171000900009122017001","USCU_S01",2017,90025593
"0090000923","Invoice","13678.87","USD","","","2017-06-01","2017-07-01",-23,"001","1710","X","BSEG","171000900009232017001","USCU_S01",2017,90025604
"0090000895","Invoice","2634.45","USD","","","2017-06-01","2017-07-01",-23,"001","1710","X","BSEG","171000900008952017001","USCU_S01",2017,90025576
"0090000891","Invoice","857.88","USD","","","2017-06-01","2017-07-01",-23,"001","1710","X","BSEG","171000900008912017001","USCU_S01",2017,90025572
"0090001267","Invoice","6948.00","USD","","","2017-06-06","2017-07-06",-28,"001","1710","X","BSEG","171000900012672017001","USCU_S01",2017,90025950
"0090001261","Invoice","810.60","USD","","","2017-06-06","2017-07-06",-28,"001","1710","X","BSEG","171000900012612017001","USCU_S01",2017,90025944
"0090001373","Invoice","82170.71","USD","","","2017-06-07","2017-07-07",-29,"001","1710","X","BSEG","171000900013732017001","USCU_S01",2017,90026057
"0090001350","Invoice","1080.80","USD","","","2017-06-07","2017-07-07",-29,"001","1710","X","BSEG","171000900013502017001","USCU_S01",2017,90026034
